[
{
  "model": "blog.postpageblogcategory",
  "pk": 1,
  "fields": {
    "page": 35,
    "blog_category": 1
  }
},
{
  "model": "blog.postpageblogcategory",
  "pk": 2,
  "fields": {
    "page": 36,
    "blog_category": 1
  }
},
{
  "model": "blog.postpageblogcategory",
  "pk": 3,
  "fields": {
    "page": 37,
    "blog_category": 1
  }
},
{
  "model": "blog.postpageblogcategory",
  "pk": 4,
  "fields": {
    "page": 38,
    "blog_category": 1
  }
},
{
  "model": "blog.blogcategory",
  "pk": 1,
  "fields": {
    "name": "Programming",
    "slug": "programming"
  }
},
{
  "model": "blog.blogcategory",
  "pk": 2,
  "fields": {
    "name": "Life",
    "slug": "life"
  }
},
{
  "model": "blog.postpagetag",
  "pk": 3,
  "fields": {
    "tag": 1,
    "content_object": 37
  }
},
{
  "model": "blog.postpagetag",
  "pk": 4,
  "fields": {
    "tag": 1,
    "content_object": 38
  }
},
{
  "model": "blog.postpagetag",
  "pk": 10,
  "fields": {
    "tag": 1,
    "content_object": 36
  }
},
{
  "model": "blog.postpagetag",
  "pk": 11,
  "fields": {
    "tag": 1,
    "content_object": 35
  }
},
{
  "model": "wagtailcore.site",
  "pk": 2,
  "fields": {
    "hostname": "127.0.0.1",
    "port": 8000,
    "site_name": "",
    "root_page": 34,
    "is_default_site": true
  }
},
{
  "model": "wagtailcore.locale",
  "pk": 1,
  "fields": {
    "language_code": "en"
  }
},
{
  "model": "wagtailcore.collection",
  "pk": 1,
  "fields": {
    "path": "0001",
    "depth": 1,
    "numchild": 0,
    "name": "Root"
  }
},
{
  "model": "wagtailcore.workflowpage",
  "pk": 1,
  "fields": {
    "workflow": 1
  }
},
{
  "model": "wagtailcore.workflowtask",
  "pk": 1,
  "fields": {
    "sort_order": 0,
    "workflow": 1,
    "task": 1
  }
},
{
  "model": "wagtailcore.task",
  "pk": 1,
  "fields": {
    "name": "Moderators approval",
    "content_type": [
      "wagtailcore",
      "groupapprovaltask"
    ],
    "active": true
  }
},
{
  "model": "wagtailcore.workflow",
  "pk": 1,
  "fields": {
    "name": "Moderators approval",
    "active": true
  }
},
{
  "model": "taggit.tag",
  "pk": 1,
  "fields": {
    "name": "Django",
    "slug": "django"
  }
},
{
  "model": "taggit.tag",
  "pk": 2,
  "fields": {
    "name": "Wagtail",
    "slug": "wagtail"
  }
},
{
  "model": "wagtailmenus.mainmenu",
  "pk": 1,
  "fields": {
    "site": [
      "127.0.0.1",
      8000
    ],
    "max_levels": 2
  }
},
{
  "model": "auth.group",
  "pk": 1,
  "fields": {
    "name": "Moderators",
    "permissions": [
      [
        "access_admin",
        "wagtailadmin",
        "admin"
      ],
      [
        "add_document",
        "wagtaildocs",
        "document"
      ],
      [
        "change_document",
        "wagtaildocs",
        "document"
      ],
      [
        "delete_document",
        "wagtaildocs",
        "document"
      ],
      [
        "add_image",
        "wagtailimages",
        "image"
      ],
      [
        "change_image",
        "wagtailimages",
        "image"
      ],
      [
        "delete_image",
        "wagtailimages",
        "image"
      ]
    ]
  }
},
{
  "model": "auth.group",
  "pk": 2,
  "fields": {
    "name": "Editors",
    "permissions": [
      [
        "access_admin",
        "wagtailadmin",
        "admin"
      ],
      [
        "add_document",
        "wagtaildocs",
        "document"
      ],
      [
        "change_document",
        "wagtaildocs",
        "document"
      ],
      [
        "delete_document",
        "wagtaildocs",
        "document"
      ],
      [
        "add_image",
        "wagtailimages",
        "image"
      ],
      [
        "change_image",
        "wagtailimages",
        "image"
      ],
      [
        "delete_image",
        "wagtailimages",
        "image"
      ]
    ]
  }
},
{
  "model": "auth.user",
  "pk": 1,
  "fields": {
    "password": "pbkdf2_sha256$216000$E9bu1Ijy2egk$SCYa4I6eSuYoJm+zMct3pDyi1WriDx65TCiYAz9jeLk=",
    "last_login": "2020-12-27T03:34:56.606Z",
    "is_superuser": true,
    "username": "admin",
    "first_name": "",
    "last_name": "",
    "email": "",
    "is_staff": true,
    "is_active": true,
    "date_joined": "2020-12-27T02:55:23.317Z",
    "groups": [],
    "user_permissions": []
  }
},
{
  "model": "sites.site",
  "pk": 1,
  "fields": {
    "domain": "example.com",
    "name": "example.com"
  }
},
{
  "model": "wagtailcore.pagelogentry",
  "pk": 1,
  "fields": {
    "content_type": [
      "blog",
      "blogpage"
    ],
    "label": "BlogPage",
    "action": "wagtail.create",
    "data_json": "\"\"",
    "timestamp": "2020-12-27T02:56:22.655Z",
    "user": [
      "admin"
    ],
    "content_changed": true,
    "deleted": false,
    "page": 34,
    "revision": null
  }
},
{
  "model": "wagtailcore.pagelogentry",
  "pk": 2,
  "fields": {
    "content_type": [
      "blog",
      "blogpage"
    ],
    "label": "BlogPage",
    "action": "wagtail.publish",
    "data_json": "null",
    "timestamp": "2020-12-27T02:56:22.805Z",
    "user": [
      "admin"
    ],
    "content_changed": true,
    "deleted": false,
    "page": 34,
    "revision": null
  }
},
{
  "model": "wagtailcore.pagelogentry",
  "pk": 3,
  "fields": {
    "content_type": [
      "home",
      "homepage"
    ],
    "label": "Home",
    "action": "wagtail.delete",
    "data_json": "\"\"",
    "timestamp": "2020-12-27T02:58:45.889Z",
    "user": [
      "admin"
    ],
    "content_changed": false,
    "deleted": true,
    "page": 3,
    "revision": null
  }
},
{
  "model": "wagtailcore.pagelogentry",
  "pk": 4,
  "fields": {
    "content_type": [
      "blog",
      "postpage"
    ],
    "label": "PostPage1",
    "action": "wagtail.create",
    "data_json": "\"\"",
    "timestamp": "2020-12-27T03:01:59.739Z",
    "user": [
      "admin"
    ],
    "content_changed": true,
    "deleted": false,
    "page": 35,
    "revision": null
  }
},
{
  "model": "wagtailcore.pagelogentry",
  "pk": 5,
  "fields": {
    "content_type": [
      "blog",
      "postpage"
    ],
    "label": "PostPage1",
    "action": "wagtail.publish",
    "data_json": "null",
    "timestamp": "2020-12-27T03:01:59.949Z",
    "user": [
      "admin"
    ],
    "content_changed": true,
    "deleted": false,
    "page": 35,
    "revision": null
  }
},
{
  "model": "wagtailcore.pagelogentry",
  "pk": 6,
  "fields": {
    "content_type": [
      "blog",
      "postpage"
    ],
    "label": "PostPage1",
    "action": "wagtail.create",
    "data_json": "\"\"",
    "timestamp": "2020-12-27T03:02:09.193Z",
    "user": [
      "admin"
    ],
    "content_changed": true,
    "deleted": false,
    "page": 36,
    "revision": null
  }
},
{
  "model": "wagtailcore.pagelogentry",
  "pk": 7,
  "fields": {
    "content_type": [
      "blog",
      "postpage"
    ],
    "label": "PostPage2",
    "action": "wagtail.copy",
    "data_json": "{\"page\": {\"id\": 36, \"title\": \"PostPage2\"}, \"source\": {\"id\": 34, \"title\": \"BlogPage\"}, \"destination\": {\"id\": 34, \"title\": \"BlogPage\"}, \"keep_live\": true}",
    "timestamp": "2020-12-27T03:02:09.300Z",
    "user": [
      "admin"
    ],
    "content_changed": false,
    "deleted": false,
    "page": 36,
    "revision": null
  }
},
{
  "model": "wagtailcore.pagelogentry",
  "pk": 8,
  "fields": {
    "content_type": [
      "blog",
      "postpage"
    ],
    "label": "PostPage2",
    "action": "wagtail.publish",
    "data_json": "\"\"",
    "timestamp": "2020-12-27T03:02:09.303Z",
    "user": [
      "admin"
    ],
    "content_changed": false,
    "deleted": false,
    "page": 36,
    "revision": null
  }
},
{
  "model": "wagtailcore.pagelogentry",
  "pk": 9,
  "fields": {
    "content_type": [
      "blog",
      "postpage"
    ],
    "label": "PostPage2",
    "action": "wagtail.create",
    "data_json": "\"\"",
    "timestamp": "2020-12-27T03:02:18.349Z",
    "user": [
      "admin"
    ],
    "content_changed": true,
    "deleted": false,
    "page": 37,
    "revision": null
  }
},
{
  "model": "wagtailcore.pagelogentry",
  "pk": 10,
  "fields": {
    "content_type": [
      "blog",
      "postpage"
    ],
    "label": "PostPage3",
    "action": "wagtail.copy",
    "data_json": "{\"page\": {\"id\": 37, \"title\": \"PostPage3\"}, \"source\": {\"id\": 34, \"title\": \"BlogPage\"}, \"destination\": {\"id\": 34, \"title\": \"BlogPage\"}, \"keep_live\": true}",
    "timestamp": "2020-12-27T03:02:18.457Z",
    "user": [
      "admin"
    ],
    "content_changed": false,
    "deleted": false,
    "page": 37,
    "revision": null
  }
},
{
  "model": "wagtailcore.pagelogentry",
  "pk": 11,
  "fields": {
    "content_type": [
      "blog",
      "postpage"
    ],
    "label": "PostPage3",
    "action": "wagtail.publish",
    "data_json": "\"\"",
    "timestamp": "2020-12-27T03:02:18.460Z",
    "user": [
      "admin"
    ],
    "content_changed": false,
    "deleted": false,
    "page": 37,
    "revision": null
  }
},
{
  "model": "wagtailcore.pagelogentry",
  "pk": 12,
  "fields": {
    "content_type": [
      "blog",
      "postpage"
    ],
    "label": "PostPage3",
    "action": "wagtail.create",
    "data_json": "\"\"",
    "timestamp": "2020-12-27T03:02:27.214Z",
    "user": [
      "admin"
    ],
    "content_changed": true,
    "deleted": false,
    "page": 38,
    "revision": null
  }
},
{
  "model": "wagtailcore.pagelogentry",
  "pk": 13,
  "fields": {
    "content_type": [
      "blog",
      "postpage"
    ],
    "label": "PostPage4",
    "action": "wagtail.copy",
    "data_json": "{\"page\": {\"id\": 38, \"title\": \"PostPage4\"}, \"source\": {\"id\": 34, \"title\": \"BlogPage\"}, \"destination\": {\"id\": 34, \"title\": \"BlogPage\"}, \"keep_live\": true}",
    "timestamp": "2020-12-27T03:02:27.331Z",
    "user": [
      "admin"
    ],
    "content_changed": false,
    "deleted": false,
    "page": 38,
    "revision": null
  }
},
{
  "model": "wagtailcore.pagelogentry",
  "pk": 14,
  "fields": {
    "content_type": [
      "blog",
      "postpage"
    ],
    "label": "PostPage4",
    "action": "wagtail.publish",
    "data_json": "\"\"",
    "timestamp": "2020-12-27T03:02:27.334Z",
    "user": [
      "admin"
    ],
    "content_changed": false,
    "deleted": false,
    "page": 38,
    "revision": null
  }
},
{
  "model": "wagtailcore.pagelogentry",
  "pk": 15,
  "fields": {
    "content_type": [
      "blog",
      "postpage"
    ],
    "label": "PostPage2",
    "action": "wagtail.edit",
    "data_json": "\"\"",
    "timestamp": "2020-12-27T03:04:15.965Z",
    "user": [
      "admin"
    ],
    "content_changed": true,
    "deleted": false,
    "page": 36,
    "revision": null
  }
},
{
  "model": "wagtailcore.pagelogentry",
  "pk": 16,
  "fields": {
    "content_type": [
      "blog",
      "postpage"
    ],
    "label": "PostPage2",
    "action": "wagtail.publish",
    "data_json": "null",
    "timestamp": "2020-12-27T03:04:16.185Z",
    "user": [
      "admin"
    ],
    "content_changed": true,
    "deleted": false,
    "page": 36,
    "revision": null
  }
},
{
  "model": "wagtailcore.pagelogentry",
  "pk": 17,
  "fields": {
    "content_type": [
      "blog",
      "postpage"
    ],
    "label": "PostPage2",
    "action": "wagtail.edit",
    "data_json": "\"\"",
    "timestamp": "2020-12-27T03:05:59.486Z",
    "user": [
      "admin"
    ],
    "content_changed": true,
    "deleted": false,
    "page": 36,
    "revision": null
  }
},
{
  "model": "wagtailcore.pagelogentry",
  "pk": 18,
  "fields": {
    "content_type": [
      "blog",
      "postpage"
    ],
    "label": "PostPage2",
    "action": "wagtail.publish",
    "data_json": "null",
    "timestamp": "2020-12-27T03:05:59.690Z",
    "user": [
      "admin"
    ],
    "content_changed": true,
    "deleted": false,
    "page": 36,
    "revision": null
  }
},
{
  "model": "wagtailcore.pagelogentry",
  "pk": 19,
  "fields": {
    "content_type": [
      "blog",
      "postpage"
    ],
    "label": "MarkDown Example",
    "action": "wagtail.edit",
    "data_json": "\"\"",
    "timestamp": "2020-12-27T03:11:06.074Z",
    "user": [
      "admin"
    ],
    "content_changed": true,
    "deleted": false,
    "page": 36,
    "revision": null
  }
},
{
  "model": "wagtailcore.pagelogentry",
  "pk": 20,
  "fields": {
    "content_type": [
      "blog",
      "postpage"
    ],
    "label": "MarkDown Example",
    "action": "wagtail.rename",
    "data_json": "{\"title\": {\"old\": \"PostPage2\", \"new\": \"MarkDown Example\"}}",
    "timestamp": "2020-12-27T03:11:06.288Z",
    "user": [
      "admin"
    ],
    "content_changed": false,
    "deleted": false,
    "page": 36,
    "revision": null
  }
},
{
  "model": "wagtailcore.pagelogentry",
  "pk": 21,
  "fields": {
    "content_type": [
      "blog",
      "postpage"
    ],
    "label": "MarkDown Example",
    "action": "wagtail.publish",
    "data_json": "{\"title\": {\"old\": \"PostPage2\", \"new\": \"MarkDown Example\"}}",
    "timestamp": "2020-12-27T03:11:06.292Z",
    "user": [
      "admin"
    ],
    "content_changed": true,
    "deleted": false,
    "page": 36,
    "revision": null
  }
},
{
  "model": "wagtailcore.pagelogentry",
  "pk": 22,
  "fields": {
    "content_type": [
      "blog",
      "postpage"
    ],
    "label": "MarkDown Example",
    "action": "wagtail.edit",
    "data_json": "\"\"",
    "timestamp": "2020-12-27T03:11:44.172Z",
    "user": [
      "admin"
    ],
    "content_changed": true,
    "deleted": false,
    "page": 36,
    "revision": null
  }
},
{
  "model": "wagtailcore.pagelogentry",
  "pk": 23,
  "fields": {
    "content_type": [
      "blog",
      "postpage"
    ],
    "label": "MarkDown Example",
    "action": "wagtail.publish",
    "data_json": "null",
    "timestamp": "2020-12-27T03:11:44.361Z",
    "user": [
      "admin"
    ],
    "content_changed": true,
    "deleted": false,
    "page": 36,
    "revision": null
  }
},
{
  "model": "wagtailcore.pagelogentry",
  "pk": 24,
  "fields": {
    "content_type": [
      "blog",
      "postpage"
    ],
    "label": "MarkDown Example",
    "action": "wagtail.edit",
    "data_json": "\"\"",
    "timestamp": "2020-12-27T03:12:19.218Z",
    "user": [
      "admin"
    ],
    "content_changed": true,
    "deleted": false,
    "page": 36,
    "revision": null
  }
},
{
  "model": "wagtailcore.pagelogentry",
  "pk": 25,
  "fields": {
    "content_type": [
      "blog",
      "postpage"
    ],
    "label": "MarkDown Example",
    "action": "wagtail.publish",
    "data_json": "null",
    "timestamp": "2020-12-27T03:12:19.389Z",
    "user": [
      "admin"
    ],
    "content_changed": true,
    "deleted": false,
    "page": 36,
    "revision": null
  }
},
{
  "model": "wagtailcore.pagelogentry",
  "pk": 26,
  "fields": {
    "content_type": [
      "blog",
      "postpage"
    ],
    "label": "MarkDown Example",
    "action": "wagtail.edit",
    "data_json": "\"\"",
    "timestamp": "2020-12-27T03:13:34.187Z",
    "user": [
      "admin"
    ],
    "content_changed": true,
    "deleted": false,
    "page": 36,
    "revision": null
  }
},
{
  "model": "wagtailcore.pagelogentry",
  "pk": 27,
  "fields": {
    "content_type": [
      "blog",
      "postpage"
    ],
    "label": "MarkDown Example",
    "action": "wagtail.publish",
    "data_json": "null",
    "timestamp": "2020-12-27T03:13:34.359Z",
    "user": [
      "admin"
    ],
    "content_changed": true,
    "deleted": false,
    "page": 36,
    "revision": null
  }
},
{
  "model": "wagtailcore.pagelogentry",
  "pk": 28,
  "fields": {
    "content_type": [
      "blog",
      "postpage"
    ],
    "label": "PostPage1",
    "action": "wagtail.edit",
    "data_json": "\"\"",
    "timestamp": "2020-12-27T03:36:20.610Z",
    "user": [
      "admin"
    ],
    "content_changed": true,
    "deleted": false,
    "page": 35,
    "revision": null
  }
},
{
  "model": "wagtailcore.pagelogentry",
  "pk": 29,
  "fields": {
    "content_type": [
      "blog",
      "postpage"
    ],
    "label": "PostPage1",
    "action": "wagtail.publish",
    "data_json": "null",
    "timestamp": "2020-12-27T03:36:20.669Z",
    "user": [
      "admin"
    ],
    "content_changed": true,
    "deleted": false,
    "page": 35,
    "revision": null
  }
},
{
  "model": "wagtailcore.groupapprovaltask",
  "pk": 1,
  "fields": {
    "groups": [
      [
        "Moderators"
      ]
    ]
  }
},
{
  "model": "wagtailcore.page",
  "pk": 1,
  "fields": {
    "path": "0001",
    "depth": 1,
    "numchild": 1,
    "translation_key": "dd0206fb-3eb7-4064-8e4a-f1ae2a38bc0e",
    "locale": 1,
    "title": "Root",
    "draft_title": "Root",
    "slug": "root",
    "content_type": [
      "wagtailcore",
      "page"
    ],
    "live": true,
    "has_unpublished_changes": false,
    "url_path": "/",
    "owner": null,
    "seo_title": "",
    "show_in_menus": false,
    "search_description": "",
    "go_live_at": null,
    "expire_at": null,
    "expired": false,
    "locked": false,
    "locked_at": null,
    "locked_by": null,
    "first_published_at": null,
    "last_published_at": null,
    "latest_revision_created_at": null,
    "live_revision": null,
    "alias_of": null
  }
},
{
  "model": "wagtailcore.page",
  "pk": 34,
  "fields": {
    "path": "00010002",
    "depth": 2,
    "numchild": 4,
    "translation_key": "0dc037c9-2d5d-4aff-9bf3-27dad7a0e3fc",
    "locale": 1,
    "title": "BlogPage",
    "draft_title": "BlogPage",
    "slug": "blogpage",
    "content_type": [
      "blog",
      "blogpage"
    ],
    "live": true,
    "has_unpublished_changes": false,
    "url_path": "/blogpage/",
    "owner": [
      "admin"
    ],
    "seo_title": "",
    "show_in_menus": false,
    "search_description": "",
    "go_live_at": null,
    "expire_at": null,
    "expired": false,
    "locked": false,
    "locked_at": null,
    "locked_by": null,
    "first_published_at": "2020-12-27T02:56:22.731Z",
    "last_published_at": "2020-12-27T02:56:22.731Z",
    "latest_revision_created_at": "2020-12-27T02:56:22.682Z",
    "live_revision": null,
    "alias_of": null
  }
},
{
  "model": "wagtailcore.page",
  "pk": 35,
  "fields": {
    "path": "000100020001",
    "depth": 3,
    "numchild": 0,
    "translation_key": "675cf1e5-4aa9-40e7-91a8-899d13bb1ca1",
    "locale": 1,
    "title": "PostPage1",
    "draft_title": "PostPage1",
    "slug": "postpage1",
    "content_type": [
      "blog",
      "postpage"
    ],
    "live": true,
    "has_unpublished_changes": false,
    "url_path": "/blogpage/postpage1/",
    "owner": [
      "admin"
    ],
    "seo_title": "",
    "show_in_menus": false,
    "search_description": "",
    "go_live_at": null,
    "expire_at": null,
    "expired": false,
    "locked": false,
    "locked_at": null,
    "locked_by": null,
    "first_published_at": "2020-12-27T03:01:59.854Z",
    "last_published_at": "2020-12-27T03:36:20.632Z",
    "latest_revision_created_at": "2020-12-27T03:36:20.598Z",
    "live_revision": null,
    "alias_of": null
  }
},
{
  "model": "wagtailcore.page",
  "pk": 36,
  "fields": {
    "path": "000100020002",
    "depth": 3,
    "numchild": 0,
    "translation_key": "ff5faa69-e311-46d9-b0c9-3fc9fa491243",
    "locale": 1,
    "title": "MarkDown Example",
    "draft_title": "MarkDown Example",
    "slug": "postpage2",
    "content_type": [
      "blog",
      "postpage"
    ],
    "live": true,
    "has_unpublished_changes": false,
    "url_path": "/blogpage/postpage2/",
    "owner": [
      "admin"
    ],
    "seo_title": "",
    "show_in_menus": false,
    "search_description": "",
    "go_live_at": null,
    "expire_at": null,
    "expired": false,
    "locked": false,
    "locked_at": null,
    "locked_by": null,
    "first_published_at": "2020-12-27T03:02:09.218Z",
    "last_published_at": "2020-12-27T03:13:34.254Z",
    "latest_revision_created_at": "2020-12-27T03:13:34.151Z",
    "live_revision": null,
    "alias_of": null
  }
},
{
  "model": "wagtailcore.page",
  "pk": 37,
  "fields": {
    "path": "000100020003",
    "depth": 3,
    "numchild": 0,
    "translation_key": "959d2761-e0f7-4cde-9e0b-c984a9ea2bb6",
    "locale": 1,
    "title": "PostPage3",
    "draft_title": "PostPage3",
    "slug": "postpage3",
    "content_type": [
      "blog",
      "postpage"
    ],
    "live": true,
    "has_unpublished_changes": false,
    "url_path": "/blogpage/postpage3/",
    "owner": [
      "admin"
    ],
    "seo_title": "",
    "show_in_menus": false,
    "search_description": "",
    "go_live_at": null,
    "expire_at": null,
    "expired": false,
    "locked": false,
    "locked_at": null,
    "locked_by": null,
    "first_published_at": "2020-12-27T03:02:18.378Z",
    "last_published_at": "2020-12-27T03:02:18.378Z",
    "latest_revision_created_at": "2020-12-27T03:02:18.378Z",
    "live_revision": null,
    "alias_of": null
  }
},
{
  "model": "wagtailcore.page",
  "pk": 38,
  "fields": {
    "path": "000100020004",
    "depth": 3,
    "numchild": 0,
    "translation_key": "f5ee6641-4081-48ee-88a1-731450433515",
    "locale": 1,
    "title": "PostPage4",
    "draft_title": "PostPage4",
    "slug": "postpage4",
    "content_type": [
      "blog",
      "postpage"
    ],
    "live": true,
    "has_unpublished_changes": false,
    "url_path": "/blogpage/postpage4/",
    "owner": [
      "admin"
    ],
    "seo_title": "",
    "show_in_menus": false,
    "search_description": "",
    "go_live_at": null,
    "expire_at": null,
    "expired": false,
    "locked": false,
    "locked_at": null,
    "locked_by": null,
    "first_published_at": "2020-12-27T03:02:27.256Z",
    "last_published_at": "2020-12-27T03:02:27.256Z",
    "latest_revision_created_at": "2020-12-27T03:02:27.256Z",
    "live_revision": null,
    "alias_of": null
  }
},
{
  "model": "wagtailimages.image",
  "pk": 1,
  "fields": {
    "collection": 1,
    "title": "image_1.jpeg",
    "file": "original_images/image_1.jpeg",
    "width": 1280,
    "height": 853,
    "created_at": "2020-12-27T03:00:12.703Z",
    "uploaded_by_user": [
      "admin"
    ],
    "focal_point_x": null,
    "focal_point_y": null,
    "focal_point_width": null,
    "focal_point_height": null,
    "file_size": 122649,
    "file_hash": "96002817cebbd381637ca0488521dec676a39bb8"
  }
},
{
  "model": "wagtailimages.image",
  "pk": 2,
  "fields": {
    "collection": 1,
    "title": "image_2.jpeg",
    "file": "original_images/image_2.jpeg",
    "width": 1280,
    "height": 853,
    "created_at": "2020-12-27T03:00:12.956Z",
    "uploaded_by_user": [
      "admin"
    ],
    "focal_point_x": null,
    "focal_point_y": null,
    "focal_point_width": null,
    "focal_point_height": null,
    "file_size": 287959,
    "file_hash": "736c1f6567a97c2efe471d7ff704fc508bf32bba"
  }
},
{
  "model": "wagtailimages.image",
  "pk": 3,
  "fields": {
    "collection": 1,
    "title": "image_3.jpeg",
    "file": "original_images/image_3.jpeg",
    "width": 1280,
    "height": 853,
    "created_at": "2020-12-27T03:00:13.191Z",
    "uploaded_by_user": [
      "admin"
    ],
    "focal_point_x": null,
    "focal_point_y": null,
    "focal_point_width": null,
    "focal_point_height": null,
    "file_size": 213242,
    "file_hash": "e9ec819b7c458ec4517e924e43b2d282b53dad13"
  }
},
{
  "model": "wagtailusers.userprofile",
  "pk": 1,
  "fields": {
    "user": [
      "admin"
    ],
    "submitted_notifications": true,
    "approved_notifications": true,
    "rejected_notifications": true,
    "preferred_language": "",
    "current_time_zone": "",
    "avatar": ""
  }
},
{
  "model": "django_comments.comment",
  "pk": 1,
  "fields": {
    "content_type": [
      "blog",
      "postpage"
    ],
    "object_pk": "35",
    "site": [
      "example.com"
    ],
    "user": [
      "admin"
    ],
    "user_name": "user1",
    "user_email": "user1@example.com",
    "user_url": "",
    "comment": "This is awesome :smile_cat:",
    "submit_date": "2020-12-27T03:35:29.133Z",
    "ip_address": "172.27.0.1",
    "is_public": true,
    "is_removed": false
  }
},
{
  "model": "django_comments.comment",
  "pk": 2,
  "fields": {
    "content_type": [
      "blog",
      "postpage"
    ],
    "object_pk": "35",
    "site": [
      "example.com"
    ],
    "user": [
      "admin"
    ],
    "user_name": "user2",
    "user_email": "user2@example.com",
    "user_url": "",
    "comment": "@user1 \r\n\r\nMention test :smiley: \r\n\r\nThx.",
    "submit_date": "2020-12-27T03:35:51.870Z",
    "ip_address": "172.27.0.1",
    "is_public": true,
    "is_removed": false
  }
},
{
  "model": "blog.postpage",
  "pk": 35,
  "fields": {
    "search_image": 3,
    "header_image": 3,
    "post_date": "2020-12-29T02:59:00Z",
    "body": "[{\"type\": \"h1\", \"value\": \"The Zen of Wagtail\", \"id\": \"d591f12c-7bcd-4e08-8f9f-9cb54a303b2b\"}, {\"type\": \"paragraph\", \"value\": \"<p>Wagtail has been born out of many years of experience building websites, learning approaches that work and ones that don\\u2019t, and striking a balance between power and simplicity, structure and flexibility. We hope you\\u2019ll find that Wagtail is in that sweet spot.</p>\", \"id\": \"9307483b-34f9-44ac-a599-b39ba766ddbe\"}, {\"type\": \"image_carousel\", \"value\": [2, 1], \"id\": \"5fd8f8e2-308f-4c86-957f-79570671fddf\"}, {\"type\": \"image_text\", \"value\": {\"reverse\": false, \"text\": \"<p>Wagtail is not an instant website in a box.</p><p>You can\\u2019t make a beautiful website by plugging off-the-shelf modules together - expect to write code.</p>\", \"image\": 3}, \"id\": \"c8b30407-b46e-45be-b23c-2f1a6fd3c52a\"}, {\"type\": \"image_text\", \"value\": {\"reverse\": true, \"text\": \"<p>A CMS should get information out of an editor\\u2019s head and into a database, as efficiently and directly as possible.</p>\", \"image\": 1}, \"id\": \"c6b462a7-74c8-4096-9f85-910cb3d2b2d3\"}]"
  }
},
{
  "model": "blog.postpage",
  "pk": 36,
  "fields": {
    "search_image": 3,
    "header_image": 3,
    "post_date": "2020-12-28T02:59:00Z",
    "body": "[{\"type\": \"markdown\", \"value\": \"## MarkDown\\r\\n\\r\\nSometimes you want numbered lists:\\r\\n\\r\\n1. One\\r\\n2. Two\\r\\n3. Three\\r\\n\\r\\nSometimes you want bullet points:\\r\\n\\r\\n* Start a line with a star\\r\\n* Profit!\\r\\n\\r\\nAlternatively,\\r\\n\\r\\n- Dashes work just as well\\r\\n- And if you have sub points, put two spaces before the dash or star:\\r\\n  - Like this\\r\\n  - And this\\r\\n\\r\\n## Latex Example\\r\\n\\r\\n$$\\r\\n    v=\\\\left[\\r\\n     \\\\begin{matrix}\\r\\n       v_1\\\\\\\\\\r\\n       v_2\\r\\n      \\\\end{matrix}\\r\\n      \\\\right]\\r\\n$$\\r\\n\\r\\n$$\\r\\n    Ax = \\\\left[\\r\\n         \\\\begin{matrix}\\r\\n          u & v & w\\\\\\\\\\r\\n          \\\\end{matrix}\\r\\n          \\\\right] \\r\\n    \\\\left[\\r\\n         \\\\begin{matrix}\\r\\n          c\\\\\\\\\\r\\n          d\\\\\\\\\\r\\n          e\\\\\\\\\\r\\n          \\\\end{matrix}\\r\\n          \\\\right] \\r\\n    =cu+dv+ew\\r\\n$$\\r\\n\\r\\n$$\\r\\n    \\\\left[\\r\\n         \\\\begin{matrix}\\r\\n           v_1\\\\\\\\\\r\\n           v_2\\r\\n          \\\\end{matrix}\\r\\n          \\\\right] \\r\\n    \\\\cdot  \\r\\n    \\\\left[\\r\\n         \\\\begin{matrix}\\r\\n           w_1\\\\\\\\\\r\\n           w_2\\r\\n          \\\\end{matrix}\\r\\n          \\\\right] \\r\\n    = \\r\\n    v_1w_1 + v_2w_2\\r\\n$$\\r\\n\\r\\n## Code Highlight\\r\\n\\r\\n### Bubble Sort in Javascript\\r\\n\\r\\n```javascript\\r\\nfunction bubbleSort(arr){\\r\\n   var len = arr.length;\\r\\n   for (var i = len-1; i>=0; i--){\\r\\n     for(var j = 1; j<=i; j++){\\r\\n       if(arr[j-1]>arr[j]){\\r\\n           var temp = arr[j-1];\\r\\n           arr[j-1] = arr[j];\\r\\n           arr[j] = temp;\\r\\n        }\\r\\n     }\\r\\n   }\\r\\n   return arr;\\r\\n}\\r\\nbubbleSort([7,5,2,4,3,9]); //[2, 3, 4, 5, 7, 9]\\r\\nbubbleSort([9,7,5,4,3,1]); //[1, 3, 4, 5, 7, 9]\\r\\nbubbleSort([1,2,3,4,5,6]); //[1, 2, 3, 4, 5, 6]\\r\\n```\", \"id\": \"4df48eb2-2094-44da-be6b-9d7d96bfbcaa\"}]"
  }
},
{
  "model": "blog.postpage",
  "pk": 37,
  "fields": {
    "search_image": 3,
    "header_image": 3,
    "post_date": "2020-12-27T02:59:00Z",
    "body": "[{\"type\": \"h1\", \"value\": \"The Zen of Wagtail\", \"id\": \"d591f12c-7bcd-4e08-8f9f-9cb54a303b2b\"}, {\"type\": \"paragraph\", \"value\": \"<p>Wagtail has been born out of many years of experience building websites, learning approaches that work and ones that don\\u2019t, and striking a balance between power and simplicity, structure and flexibility. We hope you\\u2019ll find that Wagtail is in that sweet spot.</p>\", \"id\": \"9307483b-34f9-44ac-a599-b39ba766ddbe\"}, {\"type\": \"image_carousel\", \"value\": [2, 1], \"id\": \"5fd8f8e2-308f-4c86-957f-79570671fddf\"}, {\"type\": \"image_text\", \"value\": {\"reverse\": false, \"text\": \"<p>Wagtail is not an instant website in a box.</p><p>You can\\u2019t make a beautiful website by plugging off-the-shelf modules together - expect to write code.</p>\", \"image\": 3}, \"id\": \"c8b30407-b46e-45be-b23c-2f1a6fd3c52a\"}, {\"type\": \"image_text\", \"value\": {\"reverse\": true, \"text\": \"<p>A CMS should get information out of an editor\\u2019s head and into a database, as efficiently and directly as possible.</p>\", \"image\": 1}, \"id\": \"c6b462a7-74c8-4096-9f85-910cb3d2b2d3\"}]"
  }
},
{
  "model": "blog.postpage",
  "pk": 38,
  "fields": {
    "search_image": 3,
    "header_image": 3,
    "post_date": "2020-12-27T02:59:00Z",
    "body": "[{\"type\": \"h1\", \"value\": \"The Zen of Wagtail\", \"id\": \"d591f12c-7bcd-4e08-8f9f-9cb54a303b2b\"}, {\"type\": \"paragraph\", \"value\": \"<p>Wagtail has been born out of many years of experience building websites, learning approaches that work and ones that don\\u2019t, and striking a balance between power and simplicity, structure and flexibility. We hope you\\u2019ll find that Wagtail is in that sweet spot.</p>\", \"id\": \"9307483b-34f9-44ac-a599-b39ba766ddbe\"}, {\"type\": \"image_carousel\", \"value\": [2, 1], \"id\": \"5fd8f8e2-308f-4c86-957f-79570671fddf\"}, {\"type\": \"image_text\", \"value\": {\"reverse\": false, \"text\": \"<p>Wagtail is not an instant website in a box.</p><p>You can\\u2019t make a beautiful website by plugging off-the-shelf modules together - expect to write code.</p>\", \"image\": 3}, \"id\": \"c8b30407-b46e-45be-b23c-2f1a6fd3c52a\"}, {\"type\": \"image_text\", \"value\": {\"reverse\": true, \"text\": \"<p>A CMS should get information out of an editor\\u2019s head and into a database, as efficiently and directly as possible.</p>\", \"image\": 1}, \"id\": \"c6b462a7-74c8-4096-9f85-910cb3d2b2d3\"}]"
  }
},
{
  "model": "blog.blogpage",
  "pk": 34,
  "fields": {
    "description": "BlogPage"
  }
}
]
