[
{
  "model": "auth.group",
  "pk": 1,
  "fields": {
    "name": "Moderators",
    "permissions": [
      [
        "access_admin",
        "wagtailadmin",
        "admin"
      ],
      [
        "add_document",
        "wagtaildocs",
        "document"
      ],
      [
        "change_document",
        "wagtaildocs",
        "document"
      ],
      [
        "delete_document",
        "wagtaildocs",
        "document"
      ],
      [
        "add_image",
        "wagtailimages",
        "image"
      ],
      [
        "change_image",
        "wagtailimages",
        "image"
      ],
      [
        "delete_image",
        "wagtailimages",
        "image"
      ]
    ]
  }
},
{
  "model": "auth.group",
  "pk": 2,
  "fields": {
    "name": "Editors",
    "permissions": [
      [
        "access_admin",
        "wagtailadmin",
        "admin"
      ],
      [
        "add_document",
        "wagtaildocs",
        "document"
      ],
      [
        "change_document",
        "wagtaildocs",
        "document"
      ],
      [
        "delete_document",
        "wagtaildocs",
        "document"
      ],
      [
        "add_image",
        "wagtailimages",
        "image"
      ],
      [
        "change_image",
        "wagtailimages",
        "image"
      ],
      [
        "delete_image",
        "wagtailimages",
        "image"
      ]
    ]
  }
},
{
  "model": "auth.user",
  "pk": 1,
  "fields": {
    "password": "pbkdf2_sha256$390000$BxlYSy5TYSX9tgsTtmpPKD$XC6tEUjKfK9ZyTya3N5GkHKqKNtEHyveogayGscsPg8=",
    "last_login": "2022-10-27T02:29:35.310Z",
    "is_superuser": true,
    "username": "admin",
    "first_name": "",
    "last_name": "",
    "email": "",
    "is_staff": true,
    "is_active": true,
    "date_joined": "2022-10-27T02:55:23.317Z",
    "groups": [],
    "user_permissions": []
  }
},
{
  "model": "sites.site",
  "pk": 1,
  "fields": {
    "domain": "example.com",
    "name": "example.com"
  }
},
{
  "model": "wagtailusers.userprofile",
  "pk": 1,
  "fields": {
    "user": [
      "admin"
    ],
    "submitted_notifications": true,
    "approved_notifications": true,
    "rejected_notifications": true,
    "updated_comments_notifications": true,
    "preferred_language": "",
    "current_time_zone": "",
    "avatar": ""
  }
},
{
  "model": "wagtailimages.image",
  "pk": 1,
  "fields": {
    "collection": 1,
    "title": "image_1.jpeg",
    "file": "original_images/image_1.jpeg",
    "width": 1280,
    "height": 853,
    "created_at": "2022-10-27T03:00:12.703Z",
    "uploaded_by_user": [
      "admin"
    ],
    "focal_point_x": null,
    "focal_point_y": null,
    "focal_point_width": null,
    "focal_point_height": null,
    "file_size": 122649,
    "file_hash": "96002817cebbd381637ca0488521dec676a39bb8"
  }
},
{
  "model": "wagtailimages.image",
  "pk": 2,
  "fields": {
    "collection": 1,
    "title": "image_2.jpeg",
    "file": "original_images/image_2.jpeg",
    "width": 1280,
    "height": 853,
    "created_at": "2022-10-27T03:00:12.956Z",
    "uploaded_by_user": [
      "admin"
    ],
    "focal_point_x": null,
    "focal_point_y": null,
    "focal_point_width": null,
    "focal_point_height": null,
    "file_size": 287959,
    "file_hash": "736c1f6567a97c2efe471d7ff704fc508bf32bba"
  }
},
{
  "model": "wagtailimages.image",
  "pk": 3,
  "fields": {
    "collection": 1,
    "title": "image_3.jpeg",
    "file": "original_images/image_3.jpeg",
    "width": 1280,
    "height": 853,
    "created_at": "2022-10-27T03:00:13.191Z",
    "uploaded_by_user": [
      "admin"
    ],
    "focal_point_x": null,
    "focal_point_y": null,
    "focal_point_width": null,
    "focal_point_height": null,
    "file_size": 213242,
    "file_hash": "e9ec819b7c458ec4517e924e43b2d282b53dad13"
  }
},
{
  "model": "wagtailcore.locale",
  "pk": 1,
  "fields": {
    "language_code": "en"
  }
},
{
  "model": "wagtailcore.site",
  "pk": 2,
  "fields": {
    "hostname": "127.0.0.1",
    "port": 8000,
    "site_name": "",
    "root_page": 34,
    "is_default_site": true
  }
},
{
  "model": "wagtailcore.collection",
  "pk": 1,
  "fields": {
    "path": "0001",
    "depth": 1,
    "numchild": 0,
    "name": "Root"
  }
},
{
  "model": "wagtailcore.page",
  "pk": 1,
  "fields": {
    "path": "0001",
    "depth": 1,
    "numchild": 1,
    "translation_key": "dd0206fb-3eb7-4064-8e4a-f1ae2a38bc0e",
    "locale": 1,
    "latest_revision": null,
    "live": true,
    "has_unpublished_changes": false,
    "first_published_at": null,
    "last_published_at": null,
    "live_revision": null,
    "go_live_at": null,
    "expire_at": null,
    "expired": false,
    "locked": false,
    "locked_at": null,
    "locked_by": null,
    "title": "Root",
    "draft_title": "Root",
    "slug": "root",
    "content_type": [
      "wagtailcore",
      "page"
    ],
    "url_path": "/",
    "owner": null,
    "seo_title": "",
    "show_in_menus": false,
    "search_description": "",
    "latest_revision_created_at": null,
    "alias_of": null
  }
},
{
  "model": "wagtailcore.page",
  "pk": 2,
  "fields": {
    "path": "00010001",
    "depth": 2,
    "numchild": 0,
    "translation_key": "14694ca5-6aa0-454a-8e8d-d3d3061a119b",
    "locale": 1,
    "latest_revision": null,
    "live": true,
    "has_unpublished_changes": false,
    "first_published_at": null,
    "last_published_at": null,
    "live_revision": null,
    "go_live_at": null,
    "expire_at": null,
    "expired": false,
    "locked": false,
    "locked_at": null,
    "locked_by": null,
    "title": "Welcome to your new Wagtail site!",
    "draft_title": "Welcome to your new Wagtail site!",
    "slug": "home",
    "content_type": [
      "wagtailcore",
      "page"
    ],
    "url_path": "/home/",
    "owner": null,
    "seo_title": "",
    "show_in_menus": false,
    "search_description": "",
    "latest_revision_created_at": null,
    "alias_of": null
  }
},
{
  "model": "wagtailcore.page",
  "pk": 34,
  "fields": {
    "path": "00010002",
    "depth": 2,
    "numchild": 5,
    "translation_key": "0dc037c9-2d5d-4aff-9bf3-27dad7a0e3fc",
    "locale": 1,
    "latest_revision": null,
    "live": true,
    "has_unpublished_changes": false,
    "first_published_at": "2022-10-27T02:56:22.731Z",
    "last_published_at": "2022-10-27T02:56:22.731Z",
    "live_revision": null,
    "go_live_at": null,
    "expire_at": null,
    "expired": false,
    "locked": false,
    "locked_at": null,
    "locked_by": null,
    "title": "BlogPage",
    "draft_title": "BlogPage",
    "slug": "blogpage",
    "content_type": [
      "blog",
      "blogpage"
    ],
    "url_path": "/blogpage/",
    "owner": [
      "admin"
    ],
    "seo_title": "",
    "show_in_menus": false,
    "search_description": "",
    "latest_revision_created_at": "2022-10-27T02:56:22.682Z",
    "alias_of": null
  }
},
{
  "model": "wagtailcore.page",
  "pk": 35,
  "fields": {
    "path": "000100020001",
    "depth": 3,
    "numchild": 0,
    "translation_key": "675cf1e5-4aa9-40e7-91a8-899d13bb1ca1",
    "locale": 1,
    "latest_revision": null,
    "live": true,
    "has_unpublished_changes": false,
    "first_published_at": "2022-10-27T03:01:59.854Z",
    "last_published_at": "2022-10-27T03:36:20.632Z",
    "live_revision": null,
    "go_live_at": null,
    "expire_at": null,
    "expired": false,
    "locked": false,
    "locked_at": null,
    "locked_by": null,
    "title": "PostPage1",
    "draft_title": "PostPage1",
    "slug": "postpage1",
    "content_type": [
      "blog",
      "postpage"
    ],
    "url_path": "/blogpage/postpage1/",
    "owner": [
      "admin"
    ],
    "seo_title": "",
    "show_in_menus": false,
    "search_description": "",
    "latest_revision_created_at": "2022-10-27T03:36:20.598Z",
    "alias_of": null
  }
},
{
  "model": "wagtailcore.page",
  "pk": 36,
  "fields": {
    "path": "000100020002",
    "depth": 3,
    "numchild": 0,
    "translation_key": "ff5faa69-e311-46d9-b0c9-3fc9fa491243",
    "locale": 1,
    "latest_revision": null,
    "live": true,
    "has_unpublished_changes": false,
    "first_published_at": "2022-10-27T03:02:09.218Z",
    "last_published_at": "2022-10-27T03:13:34.254Z",
    "live_revision": null,
    "go_live_at": null,
    "expire_at": null,
    "expired": false,
    "locked": false,
    "locked_at": null,
    "locked_by": null,
    "title": "MarkDown Example",
    "draft_title": "MarkDown Example",
    "slug": "postpage2",
    "content_type": [
      "blog",
      "postpage"
    ],
    "url_path": "/blogpage/postpage2/",
    "owner": [
      "admin"
    ],
    "seo_title": "",
    "show_in_menus": false,
    "search_description": "",
    "latest_revision_created_at": "2022-10-27T03:13:34.151Z",
    "alias_of": null
  }
},
{
  "model": "wagtailcore.page",
  "pk": 37,
  "fields": {
    "path": "000100020003",
    "depth": 3,
    "numchild": 0,
    "translation_key": "959d2761-e0f7-4cde-9e0b-c984a9ea2bb6",
    "locale": 1,
    "latest_revision": null,
    "live": true,
    "has_unpublished_changes": false,
    "first_published_at": "2022-10-27T03:02:18.378Z",
    "last_published_at": "2022-10-27T03:02:18.378Z",
    "live_revision": null,
    "go_live_at": null,
    "expire_at": null,
    "expired": false,
    "locked": false,
    "locked_at": null,
    "locked_by": null,
    "title": "PostPage3",
    "draft_title": "PostPage3",
    "slug": "postpage3",
    "content_type": [
      "blog",
      "postpage"
    ],
    "url_path": "/blogpage/postpage3/",
    "owner": [
      "admin"
    ],
    "seo_title": "",
    "show_in_menus": false,
    "search_description": "",
    "latest_revision_created_at": "2022-10-27T03:02:18.378Z",
    "alias_of": null
  }
},
{
  "model": "wagtailcore.page",
  "pk": 38,
  "fields": {
    "path": "000100020004",
    "depth": 3,
    "numchild": 0,
    "translation_key": "f5ee6641-4081-48ee-88a1-731450433515",
    "locale": 1,
    "latest_revision": null,
    "live": true,
    "has_unpublished_changes": false,
    "first_published_at": "2022-10-27T03:02:27.256Z",
    "last_published_at": "2022-10-27T03:02:27.256Z",
    "live_revision": null,
    "go_live_at": null,
    "expire_at": null,
    "expired": false,
    "locked": false,
    "locked_at": null,
    "locked_by": null,
    "title": "PostPage4",
    "draft_title": "PostPage4",
    "slug": "postpage4",
    "content_type": [
      "blog",
      "postpage"
    ],
    "url_path": "/blogpage/postpage4/",
    "owner": [
      "admin"
    ],
    "seo_title": "",
    "show_in_menus": false,
    "search_description": "",
    "latest_revision_created_at": "2022-10-27T03:02:27.256Z",
    "alias_of": null
  }
},
{
  "model": "wagtailcore.page",
  "pk": 39,
  "fields": {
    "path": "000100020005",
    "depth": 3,
    "numchild": 0,
    "translation_key": "049298a7-03f9-4893-a5e5-19dcae038c0f",
    "locale": 1,
    "latest_revision": null,
    "live": true,
    "has_unpublished_changes": false,
    "first_published_at": "2022-10-27T02:19:37.945Z",
    "last_published_at": "2022-10-27T02:30:07.992Z",
    "live_revision": null,
    "go_live_at": null,
    "expire_at": null,
    "expired": false,
    "locked": false,
    "locked_at": null,
    "locked_by": null,
    "title": "Contact",
    "draft_title": "Contact",
    "slug": "contact",
    "content_type": [
      "blog",
      "formpage"
    ],
    "url_path": "/blogpage/contact/",
    "owner": [
      "admin"
    ],
    "seo_title": "",
    "show_in_menus": true,
    "search_description": "",
    "latest_revision_created_at": "2022-10-27T02:30:07.923Z",
    "alias_of": null
  }
},
{
  "model": "wagtailcore.workflowpage",
  "pk": 1,
  "fields": {
    "workflow": 1
  }
},
{
  "model": "wagtailcore.workflowtask",
  "pk": 1,
  "fields": {
    "sort_order": 0,
    "workflow": 1,
    "task": 1
  }
},
{
  "model": "wagtailcore.task",
  "pk": 1,
  "fields": {
    "name": "Moderators approval",
    "content_type": [
      "wagtailcore",
      "groupapprovaltask"
    ],
    "active": true
  }
},
{
  "model": "wagtailcore.workflow",
  "pk": 1,
  "fields": {
    "name": "Moderators approval",
    "active": true
  }
},
{
  "model": "wagtailcore.groupapprovaltask",
  "pk": 1,
  "fields": {
    "groups": [
      [
        "Moderators"
      ]
    ]
  }
},
{
  "model": "wagtailcore.pagelogentry",
  "pk": 1,
  "fields": {
    "content_type": [
      "blog",
      "formpage"
    ],
    "label": "Contact",
    "action": "wagtail.create",
    "data": {},
    "timestamp": "2022-10-27T02:19:37.875Z",
    "uuid": "7fdfad41-b246-4350-b941-c306ee03daff",
    "user": [
      "admin"
    ],
    "revision": null,
    "content_changed": true,
    "deleted": false,
    "page": 39
  }
},
{
  "model": "wagtailcore.pagelogentry",
  "pk": 2,
  "fields": {
    "content_type": [
      "blog",
      "formpage"
    ],
    "label": "Contact",
    "action": "wagtail.publish",
    "data": {},
    "timestamp": "2022-10-27T02:19:38.002Z",
    "uuid": "7fdfad41-b246-4350-b941-c306ee03daff",
    "user": [
      "admin"
    ],
    "revision": null,
    "content_changed": true,
    "deleted": false,
    "page": 39
  }
},
{
  "model": "wagtailcore.pagelogentry",
  "pk": 3,
  "fields": {
    "content_type": [
      "blog",
      "formpage"
    ],
    "label": "Contact",
    "action": "wagtail.edit",
    "data": {},
    "timestamp": "2022-10-27T02:30:07.957Z",
    "uuid": "47480c65-265b-434f-b0b0-11f840361cbd",
    "user": [
      "admin"
    ],
    "revision": 34,
    "content_changed": true,
    "deleted": false,
    "page": 39
  }
},
{
  "model": "wagtailcore.pagelogentry",
  "pk": 4,
  "fields": {
    "content_type": [
      "blog",
      "formpage"
    ],
    "label": "Contact",
    "action": "wagtail.publish",
    "data": {},
    "timestamp": "2022-10-27T02:30:08.049Z",
    "uuid": "47480c65-265b-434f-b0b0-11f840361cbd",
    "user": [
      "admin"
    ],
    "revision": 34,
    "content_changed": true,
    "deleted": false,
    "page": 39
  }
},
{
  "model": "wagtailcore.pagesubscription",
  "pk": 1,
  "fields": {
    "user": [
      "admin"
    ],
    "page": 39,
    "comment_notifications": true
  }
},
{
  "model": "taggit.tag",
  "pk": 1,
  "fields": {
    "name": "Django",
    "slug": "django"
  }
},
{
  "model": "taggit.tag",
  "pk": 2,
  "fields": {
    "name": "Wagtail",
    "slug": "wagtail"
  }
},
{
  "model": "wagtailmenus.mainmenuitem",
  "pk": 1,
  "fields": {
    "sort_order": 0,
    "link_page": 39,
    "link_url": null,
    "url_append": "",
    "handle": "",
    "link_text": "",
    "allow_subnav": true,
    "menu": 1
  }
},
{
  "model": "wagtailmenus.mainmenu",
  "pk": 1,
  "fields": {
    "site": [
      "127.0.0.1",
      8000
    ],
    "max_levels": 2
  }
},
{
  "model": "django_comments.comment",
  "pk": 1,
  "fields": {
    "content_type": [
      "blog",
      "postpage"
    ],
    "object_pk": "35",
    "site": [
      "example.com"
    ],
    "user": [
      "admin"
    ],
    "user_name": "user1",
    "user_email": "user1@example.com",
    "user_url": "",
    "comment": "This is awesome :smile_cat:",
    "submit_date": "2022-10-27T03:35:29.133Z",
    "ip_address": "172.27.0.1",
    "is_public": true,
    "is_removed": false
  }
},
{
  "model": "django_comments.comment",
  "pk": 2,
  "fields": {
    "content_type": [
      "blog",
      "postpage"
    ],
    "object_pk": "35",
    "site": [
      "example.com"
    ],
    "user": [
      "admin"
    ],
    "user_name": "user2",
    "user_email": "user2@example.com",
    "user_url": "",
    "comment": "@user1 \r\n\r\nMention test :smiley: \r\n\r\nThx.",
    "submit_date": "2022-10-27T03:35:51.870Z",
    "ip_address": "172.27.0.1",
    "is_public": true,
    "is_removed": false
  }
},
{
  "model": "blog.blogpage",
  "pk": 34,
  "fields": {}
},
{
  "model": "blog.postpage",
  "pk": 35,
  "fields": {
    "search_image": 3,
    "header_image": 3,
    "body": "[{\"id\": \"d591f12c-7bcd-4e08-8f9f-9cb54a303b2b\", \"type\": \"h1\", \"value\": \"The Zen of Wagtail\"}, {\"id\": \"9307483b-34f9-44ac-a599-b39ba766ddbe\", \"type\": \"paragraph\", \"value\": \"<p>Wagtail has been born out of many years of experience building websites, learning approaches that work and ones that don\\u2019t, and striking a balance between power and simplicity, structure and flexibility. We hope you\\u2019ll find that Wagtail is in that sweet spot.</p>\"}, {\"id\": \"5fd8f8e2-308f-4c86-957f-79570671fddf\", \"type\": \"image_carousel\", \"value\": [2, 1]}, {\"id\": \"c8b30407-b46e-45be-b23c-2f1a6fd3c52a\", \"type\": \"image_text\", \"value\": {\"text\": \"<p>Wagtail is not an instant website in a box.</p><p>You can\\u2019t make a beautiful website by plugging off-the-shelf modules together - expect to write code.</p>\", \"image\": 3, \"reverse\": false}}, {\"id\": \"c6b462a7-74c8-4096-9f85-910cb3d2b2d3\", \"type\": \"image_text\", \"value\": {\"text\": \"<p>A CMS should get information out of an editor\\u2019s head and into a database, as efficiently and directly as possible.</p>\", \"image\": 1, \"reverse\": true}}]",
    "post_date": "2022-10-29T02:59:00Z"
  }
},
{
  "model": "blog.postpage",
  "pk": 36,
  "fields": {
    "search_image": 2,
    "header_image": 2,
    "body": "[{\"id\": \"4df48eb2-2094-44da-be6b-9d7d96bfbcaa\", \"type\": \"markdown\", \"value\": \"## MarkDown\\r\\n\\r\\nSometimes you want numbered lists:\\r\\n\\r\\n1. One\\r\\n2. Two\\r\\n3. Three\\r\\n\\r\\nSometimes you want bullet points:\\r\\n\\r\\n* Start a line with a star\\r\\n* Profit!\\r\\n\\r\\nAlternatively,\\r\\n\\r\\n- Dashes work just as well\\r\\n- And if you have sub points, put two spaces before the dash or star:\\r\\n  - Like this\\r\\n  - And this\\r\\n\\r\\n## Latex Example\\r\\n\\r\\n$$\\r\\n    v=\\\\left[\\r\\n     \\\\begin{matrix}\\r\\n       v_1\\\\\\\\\\r\\n       v_2\\r\\n      \\\\end{matrix}\\r\\n      \\\\right]\\r\\n$$\\r\\n\\r\\n$$\\r\\n    Ax = \\\\left[\\r\\n         \\\\begin{matrix}\\r\\n          u & v & w\\\\\\\\\\r\\n          \\\\end{matrix}\\r\\n          \\\\right] \\r\\n    \\\\left[\\r\\n         \\\\begin{matrix}\\r\\n          c\\\\\\\\\\r\\n          d\\\\\\\\\\r\\n          e\\\\\\\\\\r\\n          \\\\end{matrix}\\r\\n          \\\\right] \\r\\n    =cu+dv+ew\\r\\n$$\\r\\n\\r\\n$$\\r\\n    \\\\left[\\r\\n         \\\\begin{matrix}\\r\\n           v_1\\\\\\\\\\r\\n           v_2\\r\\n          \\\\end{matrix}\\r\\n          \\\\right] \\r\\n    \\\\cdot  \\r\\n    \\\\left[\\r\\n         \\\\begin{matrix}\\r\\n           w_1\\\\\\\\\\r\\n           w_2\\r\\n          \\\\end{matrix}\\r\\n          \\\\right] \\r\\n    = \\r\\n    v_1w_1 + v_2w_2\\r\\n$$\\r\\n\\r\\n## Code Highlight\\r\\n\\r\\n### Bubble Sort in Javascript\\r\\n\\r\\n```javascript\\r\\nfunction bubbleSort(arr){\\r\\n   var len = arr.length;\\r\\n   for (var i = len-1; i>=0; i--){\\r\\n     for(var j = 1; j<=i; j++){\\r\\n       if(arr[j-1]>arr[j]){\\r\\n           var temp = arr[j-1];\\r\\n           arr[j-1] = arr[j];\\r\\n           arr[j] = temp;\\r\\n        }\\r\\n     }\\r\\n   }\\r\\n   return arr;\\r\\n}\\r\\nbubbleSort([7,5,2,4,3,9]); //[2, 3, 4, 5, 7, 9]\\r\\nbubbleSort([9,7,5,4,3,1]); //[1, 3, 4, 5, 7, 9]\\r\\nbubbleSort([1,2,3,4,5,6]); //[1, 2, 3, 4, 5, 6]\\r\\n```\"}]",
    "post_date": "2022-10-28T02:59:00Z"
  }
},
{
  "model": "blog.postpage",
  "pk": 37,
  "fields": {
    "search_image": 1,
    "header_image": 1,
    "body": "[{\"id\": \"d591f12c-7bcd-4e08-8f9f-9cb54a303b2b\", \"type\": \"h1\", \"value\": \"The Zen of Wagtail\"}, {\"id\": \"9307483b-34f9-44ac-a599-b39ba766ddbe\", \"type\": \"paragraph\", \"value\": \"<p>Wagtail has been born out of many years of experience building websites, learning approaches that work and ones that don\\u2019t, and striking a balance between power and simplicity, structure and flexibility. We hope you\\u2019ll find that Wagtail is in that sweet spot.</p>\"}, {\"id\": \"5fd8f8e2-308f-4c86-957f-79570671fddf\", \"type\": \"image_carousel\", \"value\": [2, 1]}, {\"id\": \"c8b30407-b46e-45be-b23c-2f1a6fd3c52a\", \"type\": \"image_text\", \"value\": {\"text\": \"<p>Wagtail is not an instant website in a box.</p><p>You can\\u2019t make a beautiful website by plugging off-the-shelf modules together - expect to write code.</p>\", \"image\": 3, \"reverse\": false}}, {\"id\": \"c6b462a7-74c8-4096-9f85-910cb3d2b2d3\", \"type\": \"image_text\", \"value\": {\"text\": \"<p>A CMS should get information out of an editor\\u2019s head and into a database, as efficiently and directly as possible.</p>\", \"image\": 1, \"reverse\": true}}]",
    "post_date": "2022-10-27T02:59:00Z"
  }
},
{
  "model": "blog.postpage",
  "pk": 38,
  "fields": {
    "search_image": 2,
    "header_image": 2,
    "body": "[{\"id\": \"d591f12c-7bcd-4e08-8f9f-9cb54a303b2b\", \"type\": \"h1\", \"value\": \"The Zen of Wagtail\"}, {\"id\": \"9307483b-34f9-44ac-a599-b39ba766ddbe\", \"type\": \"paragraph\", \"value\": \"<p>Wagtail has been born out of many years of experience building websites, learning approaches that work and ones that don\\u2019t, and striking a balance between power and simplicity, structure and flexibility. We hope you\\u2019ll find that Wagtail is in that sweet spot.</p>\"}, {\"id\": \"5fd8f8e2-308f-4c86-957f-79570671fddf\", \"type\": \"image_carousel\", \"value\": [2, 1]}, {\"id\": \"c8b30407-b46e-45be-b23c-2f1a6fd3c52a\", \"type\": \"image_text\", \"value\": {\"text\": \"<p>Wagtail is not an instant website in a box.</p><p>You can\\u2019t make a beautiful website by plugging off-the-shelf modules together - expect to write code.</p>\", \"image\": 3, \"reverse\": false}}, {\"id\": \"c6b462a7-74c8-4096-9f85-910cb3d2b2d3\", \"type\": \"image_text\", \"value\": {\"text\": \"<p>A CMS should get information out of an editor\\u2019s head and into a database, as efficiently and directly as possible.</p>\", \"image\": 1, \"reverse\": true}}]",
    "post_date": "2022-10-27T02:59:00Z"
  }
},
{
  "model": "blog.blogcategory",
  "pk": 1,
  "fields": {
    "name": "Programming",
    "slug": "programming"
  }
},
{
  "model": "blog.blogcategory",
  "pk": 2,
  "fields": {
    "name": "Life",
    "slug": "life"
  }
},
{
  "model": "blog.postpageblogcategory",
  "pk": 1,
  "fields": {
    "page": 35,
    "blog_category": 1
  }
},
{
  "model": "blog.postpageblogcategory",
  "pk": 2,
  "fields": {
    "page": 36,
    "blog_category": 1
  }
},
{
  "model": "blog.postpageblogcategory",
  "pk": 3,
  "fields": {
    "page": 37,
    "blog_category": 1
  }
},
{
  "model": "blog.postpageblogcategory",
  "pk": 4,
  "fields": {
    "page": 38,
    "blog_category": 1
  }
},
{
  "model": "blog.postpagetag",
  "pk": 3,
  "fields": {
    "tag": 1,
    "content_object": 37
  }
},
{
  "model": "blog.postpagetag",
  "pk": 4,
  "fields": {
    "tag": 1,
    "content_object": 38
  }
},
{
  "model": "blog.postpagetag",
  "pk": 10,
  "fields": {
    "tag": 1,
    "content_object": 36
  }
},
{
  "model": "blog.postpagetag",
  "pk": 11,
  "fields": {
    "tag": 1,
    "content_object": 35
  }
},
{
  "model": "blog.formfield",
  "pk": 1,
  "fields": {
    "sort_order": 0,
    "clean_name": "name",
    "label": "Name",
    "field_type": "singleline",
    "required": true,
    "choices": "",
    "default_value": "",
    "help_text": "",
    "page": 39
  }
},
{
  "model": "blog.formfield",
  "pk": 2,
  "fields": {
    "sort_order": 1,
    "clean_name": "email",
    "label": "Email",
    "field_type": "email",
    "required": true,
    "choices": "",
    "default_value": "",
    "help_text": "",
    "page": 39
  }
},
{
  "model": "blog.formfield",
  "pk": 3,
  "fields": {
    "sort_order": 2,
    "clean_name": "message",
    "label": "Message",
    "field_type": "multiline",
    "required": true,
    "choices": "",
    "default_value": "",
    "help_text": "",
    "page": 39
  }
},
{
  "model": "blog.formpage",
  "pk": 39,
  "fields": {
    "to_address": "",
    "from_address": "",
    "subject": "",
    "thank_you_text": "<p data-block-key=\"66j1f\">Thank you</p>"
  }
}
]
